player_name,avg_release_spin_rate,avg_release_speed,avg_effective_speed,avg_vx0,avg_vy0,avg_vz0,avg_pitches,age,Height,Weight,Batting Hand,Throwing Hand,recurrence,event,num_games
"Valdez, Framber",2326.117581336622,88.1180460124501,87.14889945971342,-3.1528547705735295,-128.19928087769443,-3.23488982152724,65.14285714285714,31.0,71.0,230.0,0.0,0.0,0,1.0,7
"Valdez, Framber",2375.435179455139,88.21157704306758,87.14647015120805,-2.6462530590998963,-128.3082090208371,-3.346313995485192,93.25,31.0,71.0,230.0,0.0,0.0,1,0.0,12
