player_name,avg_release_spin_rate,avg_release_speed,avg_effective_speed,avg_vx0,avg_vy0,avg_vz0,age,Height,Weight,Batting Hand,Throwing Hand,recurrence,event,num_games
"Burnes, Corbin",2681.712119674981,90.86985167796861,91.29065694381124,2.0247072244635054,-132.2603172146951,-5.348955888750395,30.0,75.0,245.0,0.0,0.0,0,1.0,12
"Burnes, Corbin",2627.962235877704,90.63656588487981,91.0602098358761,1.9219602559942905,-131.95171692960514,-4.7967543768409655,30.0,75.0,245.0,0.0,0.0,1,1.0,5
