player_name,avg_release_spin_rate,avg_release_speed,avg_effective_speed,avg_vx0,avg_vy0,avg_vz0,avg_pitches,age,Height,Weight,Batting Hand,Throwing Hand,recurrence,event,num_games
"Lopez, Pablo",2132.1915822,90.20253437599999,91.291695286,6.6432073555999995,-131.1555384,-3.5476984388,79.6,29.0,76.0,225.0,0.0,0.0,0,1.0,5
"Lopez, Pablo",2160.042829125,89.66139538875001,90.6957981,5.135722818,-130.44306455,-3.14703061275,93.0,29.0,76.0,225.0,0.0,0.0,2,1.0,8
