player_name,avg_release_spin_rate,avg_release_speed,avg_effective_speed,avg_vx0,avg_vy0,avg_vz0,age,Height,Weight,Batting Hand,Throwing Hand,recurrence,event,num_games
"Ragans, Cole",2403.7835579045263,90.22233714408038,89.96487686108226,-4.6277748343487195,-131.23885786186386,-4.830239069121106,27.0,76.0,190.0,0.0,0.0,0,1.0,11
"Ragans, Cole",2476.2965047198873,88.72703287955854,88.41292169799016,-4.921161484202201,-129.06202828398793,-4.544058637669053,27.0,76.0,190.0,0.0,0.0,1,1.0,3
"Ragans, Cole",2489.897435897436,89.52307692307693,89.17820512820512,-5.967208663814438,-130.14848904057718,-4.536340699796762,27.0,76.0,190.0,0.0,0.0,2,1.0,1
