player_name,avg_release_spin_rate,avg_release_speed,avg_effective_speed,avg_vx0,avg_vy0,avg_vz0,avg_pitches,age,Height,Weight,Batting Hand,Throwing Hand,recurrence,event,num_games
"Gilbert, Logan",1847.5415243036368,89.42900479725441,90.93367365956664,3.611979875996234,-130.12129982822893,-4.1787485839658585,69.9090909090909,28.0,78.0,215.0,0.0,0.0,0,1.0,11
"Gilbert, Logan",1823.8333333333333,89.43452380952381,91.0940476190476,3.724132729301359,-130.15587622694238,-3.4065770198765737,84.0,28.0,78.0,215.0,0.0,0.0,1,0.0,1
