player_name,avg_release_spin_rate,avg_release_speed,avg_effective_speed,avg_vx0,avg_vy0,avg_vz0,avg_pitches,age,Height,Weight,Batting Hand,Throwing Hand,recurrence,event,num_games
"Strider, Spencer",2267.309278350516,90.74639175257732,91.4680412371134,5.480704053161321,-131.957561473184,-3.839568128913304,97.0,26.0,72.0,195.0,0.0,0.0,1,1.0,1
"Strider, Spencer",2278.3323236421006,89.72886436781609,90.77272760874465,4.722157076150354,-130.5439256116332,-4.702294085977469,85.4,26.0,72.0,195.0,0.0,0.0,2,0.0,5
